email,subject,messages
qweqweqwe@qweqwe,qweqwe,qweqwe
qweqweqwe@qweqwe,qweqwe,qweqwe
qweqweqwe@qweqwe,qweqwe,qweqwe
qweqweqwe@qweqwe,qweqwe,qweqwe
qweqweqwe@qweqwe,qweqwe,qweqwe
qweqweqwe@qweqwe,qweqwe,qweqwe
qweqweqwe@qweqwe|qweqwe|qweqwe
qweqweqwe@qweqwe|qweqwe|qweqwe
qweqweqwe@qweqwe|qweqwe|qweqwe
qweqweqwe@qweqwe,qweqwe,qweqwe
qweqweqwe@qweqwe,qweqwe,qweqwe
qweqweqwe@qweqwe,qweqwe,qweqwe
glebkonaev2003@gmail.com,support,error 404
glebkonaev2000003@gmail.com,supportttt,error 40444
qwe@qwer,qwer,qwerqwer
qwe@qwe,qwe,qwe
